pop,SocioEconomicStatus,ProgramIntensity,TestScore
A,0.6496714153011233,1.4375958967175055,3.3566884655444067
A,0.5861735698828815,1.8339686750593875,3.227541213878462
A,0.6647688538100692,0.2978694938055332,0.8893149467737627
A,0.7523029856408026,1.4099390968064893,1.3648447076135577
A,0.5765846625276664,0.539555709230586,1.699046752866309
A,0.576586304305082,0.621316764575275,1.4760711934410904
A,0.7579212815507391,0.840684960206674,2.342215205474998
A,0.6767434729152908,0.583119824533028,1.7596864045472302
A,0.5530525614065047,0.8538396560821706,2.3458344205267094
A,0.6542560043585964,0.5659089483323758,0.5540785402586849
A,0.5536582307187538,0.96571575896805,2.7260364091773788
A,0.5534270246429743,0.805021482239893,1.445362706646672
A,0.6241962271566034,0.8168203173017002,3.3914381716522484
A,0.4086719755342202,0.1592261322805314,-0.20302410538166027
A,0.42750821674869666,0.35287665983887856,2.430847036403085
A,0.5437712470759027,1.193352483526732,1.826280264650102
A,0.4987168879665576,0.9985339257620268,0.7460894325208245
A,0.6314247332595274,0.45835947749001565,0.4796134300433161
A,0.5091975924478789,0.8134625413864313,0.9004733071504143
A,0.45876962986647085,1.0638480064856009,1.8550296567806939
A,0.7465648768921553,0.285144674777547,1.4052320643267708
A,0.5774223699513464,1.1378136511169872,1.0260515431394852
A,0.6067528204687923,0.5788173512302652,1.039865015344316
A,0.4575251813786543,0.9715871063645611,3.479877610079348
A,0.5455617275474817,0.4367130130499641,2.600705565188661
A,0.6110922589709866,0.014197338124220416,0.9393948149750417
A,0.4849006422577697,-0.08642025555492683,0.3395037364194892
A,0.6375698018345671,0.9803971760825416,1.6104843442684567
A,0.5399361310081194,0.9397654473729201,1.9852323249098323
A,0.5708306250206723,0.4040876249788041,-0.16204044020306352
A,0.5398293387770603,1.1290402375542774,1.3035271711525804
A,0.7852278184508937,0.3470816965418607,-0.6933201225750137
A,0.5986502775262066,0.8649355169656516,1.7430788615918962
A,0.4942289071044099,0.13583526077538655,1.1784143261616555
A,0.6822544912103189,0.6974636829143988,0.76008081358328
A,0.47791563500289774,0.7405727881625537,2.696892059454905
A,0.6208863595004755,0.5011228566087371,-0.22793371879322366
A,0.40403298761202244,0.413771709303121,-0.7273767808170812
A,0.4671813951101569,1.2039184972724555,1.802115431920553
A,0.6196861235869123,0.641083250618794,2.1839304521004785
A,0.673846657999541,1.4286160430318824,3.6516210608893838
A,0.6171368281189971,0.36085181484968654,0.39567701447594417
A,0.5884351717611759,1.1475548465994052,2.6969838174396417
A,0.5698896304410711,1.5756187559905568,1.9930219908427065
A,0.45214780096325724,-0.5576005486187587,-0.36850960778897257
A,0.5280155791605291,0.3935757410055552,1.699648141820651
A,0.5539361229040212,1.1194402479463017,2.2149120246829384
A,0.7057122226218916,0.957045640911341,-0.05477673797539495
A,0.6343618289568461,1.1371156801209237,3.121145493012296
A,0.4236959844637266,0.33355138333767964,2.052599525056112
A,0.6324083969394795,0.9919074891456692,0.8722715051877233
A,0.5614917719583683,0.7643990402415127,1.6093959912456164
A,0.5323077999694041,1.3823527307840098,2.302229157042272
A,0.6611676288840868,1.1189618649767366,1.908569733907913
A,0.7030999522495951,1.2234512594119937,1.2356260673662498
A,0.6931280119116199,0.8337535348061962,0.7166325763974405
A,0.5160782476777361,0.5303142594803574,0.9176227866311011
A,0.5690787624148785,0.6373390497125073,2.265331078903775
A,0.6331263431403564,1.1469155858996831,2.1970168150064007
A,0.6975545127122359,0.8358395286582223,1.0232688067419051
A,0.552082576215471,0.973011292771413,2.1863760643921344
A,0.5814341023336183,1.9098515528231468,-0.4735437859400342
A,0.4893665025993972,1.169612105614942,2.709871008066563
A,0.4803793375919329,0.5575572403039788,-0.7978530684005745
A,0.6812525822394198,1.622485834441102,1.8050469588295055
A,0.7356240028570823,0.8993983177748478,0.3682276254343697
A,0.5927989878419666,-0.12986378582597702,-0.9503060712733095
A,0.7003532897892024,0.5464867792251017,2.2675961984349833
A,0.6361636025047634,0.018849443244217334,0.060079123936136736
A,0.5354880245394875,0.6274752947885769,1.4023695961508826
A,0.6361395605508414,0.9634185304210381,1.4254095999825271
A,0.7538036566465969,1.9689241411075367,3.0490078936479357
A,0.5964173960890048,1.0580897810155885,1.6120455889470477
A,0.7564643655814006,1.0251462839676688,0.3473255522442198
A,0.3380254895910255,0.9217410249782829,2.188428236098243
A,0.6821902504375223,-0.08228227884765915,-0.030286661658953717
A,0.608704706823817,1.0308643392900085,-0.03875379391068878
A,0.5700992649534132,1.240581494373603,1.268545745370421
A,0.6091760776535502,0.17447099359040452,2.1625716463475557
A,0.4012431085399107,1.1737416844133306,2.344957913358752
A,0.5780328112162488,1.0362974205715805,1.1500715351367203
A,0.6357112571511746,0.7459229287763612,0.9052342301788721
A,0.7477894044741515,1.4380750397643698,1.7146715121263083
A,0.5481729781726352,1.9576058961611507,4.4728922622601
A,0.5191506397106812,0.8696590870952694,1.6669150510953679
A,0.5498242956415463,0.9488467366124875,1.8187478203167942
A,0.6915402117702074,0.8076298678851891,2.391145491333197
A,0.6328751109659684,0.5243904817165568,1.269479729515845
A,0.5470239796232961,1.235703877707067,1.414280915585001
A,0.6513267433113356,0.5489482020125697,0.8736597475766599
A,0.609707754934804,0.9503447510119022,1.3665096955456815
A,0.6968644990532888,0.8064680251973748,1.3267373879301643
A,0.5297946906122647,1.034181948791593,2.1856472449183846
A,0.5672337853402232,1.0176817306538088,1.5234146447332868
A,0.5607891846867842,1.3599537491591258,2.5412251741241323
A,0.4536485051867881,0.4254645583528086,0.7076667823936569
A,0.6296120277064576,0.8094805739130009,1.3918053863942577
A,0.626105527217989,0.44977643293582975,-1.0475398298218868
A,0.600511345664246,0.6786203884583132,2.0753571396921915
A,0.5765412866624853,1.053462176516154,1.861183681744135
A,0.4584629257949585,1.0661886970151138,2.4309691475107327
A,0.557935467723464,0.37582053949638333,-2.0740864645185346
A,0.565728548347323,1.2833957825738145,3.8243533260324005
A,0.519772273077838,1.4574773390192326,1.7337055293263293
A,0.583871428833399,1.082524594861949,2.6578045546661846
A,0.6404050856814538,1.8990055348012138,1.3714236762208458
A,0.788618590121053,0.7960332856297929,2.039702062789205
A,0.6174577812831838,0.30385932026906726,-0.2555900178780418
A,0.6257550390722764,0.04927243415627525,-0.07389249528170871
A,0.5925554084233833,1.6368552683796664,4.024930948985159
A,0.4081228784700958,0.9393671458821726,1.0751830478949027
A,0.5973486124550783,0.8682305832273899,1.5635423463711753
A,0.6060230209941027,1.0490188446510642,2.4039049921351006
A,0.8463242112485286,0.7067417932236048,1.8794830501950321
A,0.5807639035218877,2.0940218450912447,2.709051873052331
A,0.6301547342333612,1.0098426923376556,1.8789274821905702
A,0.5965288230294756,0.9494906318466599,3.8301292755085155
A,0.48313219623804676,1.087581606306416,1.4164685662632681
A,0.7142822814515021,1.3119280380456098,2.084452909921779
A,0.6751933032686774,1.124731967042582,2.715541005665136
A,0.6791031947043047,0.6234175643338011,2.2722260530552285
A,0.5090612545205261,0.999326060348787,2.593605369525588
A,0.7402794310936099,2.0514313948779317,3.2823851617820043
A,0.4598148937207719,1.3624323636586468,0.5872793659047808
A,0.658685709380027,1.784621877389739,3.9450019771948566
A,0.8190455625809978,0.9729605056559041,0.48185156270201435
A,0.5009463674869311,0.2566171411011063,0.9600097003296844
A,0.5433702270397228,0.7521618805097601,0.4325822121221804
A,0.609965136508764,0.9428101609074934,1.3666439235215122
A,0.5496524345883801,1.3715744111180443,2.140058769092229
A,0.4449336568933867,-0.17883182951732957,0.4984723114476529
A,0.6068562974806027,1.6750596059512108,2.582465398170978
A,0.4937696286273895,0.6616504936515895,2.670377465612148
A,0.6473592430635181,0.7575983296215671,1.7290200255863617
A,0.5080575765766197,0.2560341772348457,0.4183236032054928
A,0.754993440501754,0.3050618248197463,1.8731437455095068
A,0.5216746707663763,1.1940972981305218,2.8009075236682635
A,0.5677938483794325,0.8883497561633507,0.11497701972990426
A,0.6813517217369669,0.3770471327349234,1.519528579974355
A,0.4769135683566045,0.06783096650309861,1.1505345634992805
A,0.6227459934604129,0.7662266405455553,0.9668599319538937
A,0.7307142754282427,1.9305821757870607,3.890860409441274
A,0.4392516765438772,0.5290818391340134,0.7304275933365885
A,0.6184633858532304,0.17612360222079237,0.7964707643749189
A,0.6259882794248424,0.8161108870942914,1.1438296863502957
A,0.678182287177731,0.8809116458927613,1.4390365232164135
A,0.4763049289121918,-0.6339859281024982,-1.3492170718679466
A,0.4679543386915723,0.6747840747784524,-0.39090333686258405
A,0.6521941565616898,0.8628239697381956,2.9790843582125195
A,0.6296984673233186,1.292650883391687,0.949448308932014
A,0.6250492850345877,1.862051975024554,1.3706990535959171
A,0.6346448209496975,1.5152497461984251,-0.13042451064553173
A,0.5319975278421509,0.6635519464858111,0.45018822107002965
A,0.6232253697161003,0.3815751002033153,-0.4429343974313027
A,0.6293072473298681,2.2306407726197324,4.376101730619996
A,0.5285648581973632,0.822456504303289,2.2551254802038136
A,0.7865774511144756,1.1868308226281865,1.1279424383420433
A,0.6473832920911787,0.9590123945817663,3.729354833599018
A,0.4808696502797351,0.8203468558035301,2.1868080630189124
A,0.665655360863383,0.9263028353331032,1.133995740515187
A,0.5025318329772679,0.4669667460257837,-1.630413502465975
A,0.6787084603742451,0.7446332199411716,3.5785425608313095
A,0.7158595579007404,1.0574127017431114,0.24052788130010772
A,0.5179317681648289,0.5051852666803608,-0.7258680657446679
A,0.6963376129244322,0.688083528048066,2.267724050397252
A,0.6412780926936498,1.015132252886423,3.9679071333806157
A,0.682206015999449,0.8958204152887459,2.8258580465988232
A,0.7896792982653947,1.9365154416894366,3.1321680003541124
A,0.5754611883997129,-0.4622931215969366,0.5928301707881197
A,0.5246263835642511,1.3326930013076075,2.605809666939316
A,0.5110485570374477,1.389615431804986,2.557382867221709
A,0.5184189715034562,-0.25906665894889047,0.4368599422232503
A,0.5922898290585895,0.71709094654771,1.2951239137464576
A,0.6341151974816643,0.7654523632246008,1.2101513933104098
A,0.6276690799330019,0.2377477725405922,-0.01408155237968256
A,0.6827183249036024,0.635169143559966,0.9006687266160738
A,0.6013001891877907,0.3466623610487717,-0.8652543017963812
A,0.7453534077157317,1.9941653332854088,2.4921084326632443
A,0.5735343166762044,1.328140671588037,0.7983770177780831
A,0.8720169166589619,1.943802922485522,1.5378271385969207
A,0.6625667347765006,1.3546861341863685,2.0646336731610475
A,0.5142842443583717,0.20690048092894298,2.0103301627602397
A,0.49291075019388875,0.4771059921509463,1.7897511983083705
A,0.6482472415243186,1.2170581429004368,0.16515533249671477
A,0.5776537214674149,0.25541667775514965,-0.272088481641256
A,0.6714000494092092,1.3635992892000077,2.841490516715591
A,0.6473237624573545,0.8508229446069642,0.3861945610345383
A,0.5927171087343127,0.7016652593266703,0.9512057963170959
A,0.5153206281931595,1.1284609263914849,2.090769527970564
A,0.4485152775314135,0.8949045720401402,0.28537233920163585
A,0.5553485047932979,0.6525396742804069,1.202193984261005
A,0.6856398794323473,1.6081247208306448,0.8226111294583183
A,0.6214093744130204,0.3915823978195818,0.2873422533987844
A,0.4754261221288012,1.0211069866653337,1.7212298185109116
A,0.6173180925851182,1.2225277678618691,0.1233885083982944
A,0.6385317379728837,0.8030243873023304,1.7543245156410365
A,0.5116142563798867,0.930487895690889,1.3201415018681173
A,0.6153725105945528,0.29750197769917774,1.3422899405919677
A,0.6058208718446,1.3707448173703505,2.079315648910692
A,0.48570297021693765,0.6361033871039119,2.3888061932513063
A,0.6357787360348283,0.6923065937927226,1.3261540852684925
A,0.6560784526368234,1.5086222918736798,1.6040795128578855
A,0.7083051243175277,0.710285841204912,1.399227443691218
A,0.7053802052034903,0.35383965962345554,1.4614418528226358
A,0.46223306320429086,-0.08496499195551555,0.3336815289336215
A,0.5062174960084878,1.0623312196855514,1.507896907696224
A,0.651503526720866,0.3370406138331574,0.1562517474030949
A,0.6513785950912209,1.8544649836290135,1.712666942151042
A,0.6515047686306048,-0.06370755099595382,-0.9451090078911635
A,0.9852731490654721,2.3261379077432274,4.863933170182545
A,0.6570890510693167,1.0911423102052842,0.37295031566945247
A,0.7135565640180599,1.0219782900918937,0.8999183435104343
A,0.6954001763493203,0.7706407211195055,0.6085535966297643
A,0.6651391251305798,1.197276744871905,2.62431242192081
A,0.5684730755359654,0.8338922620915238,0.9937210442282685
A,0.6758969220493267,1.5654963240822508,3.353955934395446
A,0.5227174785462427,0.841190042150384,0.5858734007435096
A,0.5763181393259991,0.9396280897199374,1.6796767634045386
A,0.5514636452170896,0.6453893617187064,0.25121322463262064
A,0.6081874139386322,0.8838083090474145,3.5155073679717086
A,0.8314658566673508,1.4010996694470559,0.8786739357514239
A,0.41327348074082515,-0.23517397521707506,0.4052655196026126
A,0.6686260190374513,0.3288463175033205,1.4975240136653802
A,0.4387284128810348,1.0297246663329096,1.7945064940892357
A,0.5528068134210566,0.914642939195556,1.171600731054693
A,0.7088950596967366,0.9713509213687654,1.4086462693927286
A,0.6064280019095463,0.918858969397016,1.4478128429037627
A,0.4922255222070694,0.9121291359914395,1.1589075521286065
A,0.5284696290740032,0.522824603456324,1.9094794235104362
A,0.6679597748934676,0.6127872996390451,3.3576781211451703
A,0.5269633368282863,0.8883676327912702,0.7524465172460657
A,0.6216458589581975,0.44328239962978017,-0.42920389278273974
A,0.6045571839903814,1.110962153842808,1.5063258526838583
A,0.5348399652394182,-0.04903185425979284,2.95854945558606
A,0.8143944089325326,1.7361694320616208,1.584010391237916
A,0.6633919022318011,1.2313865945542233,3.401216921783732
A,0.39748574133423925,0.7242434791582968,2.7199328863021286
A,0.6186454314769427,1.419313639188171,1.3606417426617305
A,0.5338213535231612,1.6334692525160301,2.6295094145198346
A,0.6852433334796224,1.5350500327284988,3.7116413226407348
A,0.5207479261567299,-0.1393152264307278,-0.10184462649283094
A,0.58852635585331,0.24300105041211428,0.5102417749924005
A,0.6504987278980456,0.6633388029992291,0.6020568713690219
A,0.6865755194170121,1.0429088042309351,0.5774124890716781
A,0.47997035929442233,0.9787850491761949,0.7134837915457257
A,0.5665498764159052,0.48695290804712493,-0.2837474575824075
A,0.5525054688839044,0.9221415855643957,1.3982294289307455
A,0.5346670767426288,0.4243091489372819,0.08206957927274316
A,0.7765454240281097,0.8590592345461905,1.714081485559426
A,0.6404981710960955,0.25741670822003215,-0.7860804011067187
A,0.47391160456649545,0.249250783794291,0.9592602996619444
A,0.6917861947054775,0.3618369892500495,1.7487949066233561
A,0.8122156197012633,0.7303868030632286,-0.6135763437472161
A,0.7032465260551146,1.5816906873865917,2.5183444780782556
A,0.4480630034045986,0.19739506069092633,1.7835144558878975
A,0.5515765927133749,2.143555921488758,1.3751761769682522
A,0.7266911149186622,1.336695622818438,3.590620901591071
A,0.5292330534381219,0.8862676420046197,1.7286730941211625
A,0.6443819428146228,0.5373940241313273,0.34788772262461665
A,0.6774634053429337,1.3663500477188961,1.8525516943355371
A,0.5073069528421916,0.4731415161444005,1.4373139909398762
A,0.59404746439382,0.9520761039134106,1.503319466840878
A,0.2758732659930927,1.6938521681240364,2.4533067733648797
A,0.49756123586657097,0.6983119039375316,0.17568729955142215
A,0.574743184860684,1.436751440433864,2.065906812358489
A,0.47522168180351504,0.36124431014232883,-0.6722928413198392
A,0.7632411303931635,1.1273674503412645,1.626734293307095
A,0.45698586220393667,1.57087911112366,1.0325601594220195
A,0.5559955513303017,0.5205097981015687,0.22977629657604348
A,0.6130740577286091,1.8258353655913782,3.5523877869847027
A,0.7441273289066115,1.4700669610876549,3.1566789448072132
A,0.45641378488205603,0.40338728937595025,1.377656438188772
A,0.716316375215496,1.3906784323510044,0.8714187678508221
A,0.6010233061019586,1.387812183966303,1.552222379153068
A,0.5018491348952049,1.0636786834514056,2.678255691346753
A,0.6462103474263271,0.1842031611942624,0.8428883527752289
A,0.619905969557347,0.5662903664235862,3.381544682051158
A,0.5399783122841205,0.6862081506504285,1.511508639872097
A,0.6069802084990019,0.8732535981984797,1.5508868814877128
A,0.5614686403138239,1.152539009246075,1.2925974572946326
A,0.6113517345251248,1.0058781022543142,1.6285003946566965
A,0.6662130674521046,0.33164742182310625,0.7121480394042461
A,0.7586016816145352,1.3280014479247846,2.642991469905003
A,0.47621845011731506,1.0196205478178841,2.3572976247063204
A,0.8133033374656267,1.49985023016396,1.3645034396285118
A,0.4047912200477498,1.1475771928489356,0.14017721532935745
A,0.5848214904964416,1.2941933130191146,-0.07415486768702872
A,0.6588317206484576,1.2178376205869048,2.252894324018215
A,0.6280991867735033,0.9070659244309314,0.30617866767586044
A,0.5377300480179406,-0.023885394731084864,-1.7465919492692152
A,0.5791877749642724,1.0835907720127016,1.9355195965150835
A,0.5506999065341167,0.9298937033827306,3.8634531460428145
A,0.5410635243055788,0.9473847050560549,1.3741646129606246
A,0.6849602097021025,0.38906602664299894,1.7755249688563228
A,0.6357015485965047,0.4130240526906259,1.0034146501153947
A,0.5307090404739345,1.3226399873773536,1.6483175665653584
A,0.6899599875433251,1.01516240438666,2.4862068774090886
A,0.6307299520876609,1.2868452768178036,1.501154694299281
A,0.681286211883896,1.0360885058910745,1.8485097894700944
A,0.6629628841923612,1.0093223960364144,1.861390509586317
A,0.5171004989077927,1.2447926513496879,0.9903825968328732
A,0.543981895980303,0.5579504798617676,1.9851783461825327
A,0.6747293605123261,1.060154429238981,1.4249781609534333
A,0.6610370265433465,0.7604178954624985,0.533502357204331
A,0.5979098406035852,0.67961664718922,1.6944543632424915
A,0.6117327383308782,0.7630130457619976,0.3539312546356628
A,0.7277664895788425,1.2027166201851203,1.8131109692173226
A,0.540842861116417,0.5718899808428869,0.9954452730918169
A,0.6547097381170037,1.6099426699622659,3.2196060262874466
A,0.5797807347566106,0.422367451025164,1.3608902717104052
A,0.578231879677278,0.7739119974352375,1.2114705424319159
A,0.709877685198719,0.8449509986609911,2.2306194460202535
A,0.6825416348988029,1.7473013945250708,3.683542251461427
A,0.6813509636000639,1.120303833655883,2.2231949108877966
A,0.7305478807154329,1.6117440908074667,2.206535015223194
A,0.6021003841632759,0.16037038972642792,-0.6697855352931108
A,0.6681952971294963,1.1358180786288739,0.6052606532570983
A,0.5689733243406544,1.2982753843227002,1.448229339440556
A,0.6324166352488442,0.9897669475109783,0.8861880535507705
A,0.5869856945632315,1.413218729377523,1.695835982042662
A,0.6096995964992717,0.6559051696987215,1.200314771795246
A,0.6595157025436913,1.6939472739083268,2.7512525903000107
A,0.5181779316766527,1.9267159593246042,2.270759526606835
A,0.809238727568546,1.0324388111329894,2.166331437014028
A,0.4993982618500298,0.5263461320746587,0.9903391563648029
A,0.47858113872122676,1.4445639466406908,-0.14803770873619904
A,0.7158110873500068,1.8635027038903664,1.4968161799516175
A,0.6791662693962935,0.7573193905178062,1.1565648503132255
A,0.6624119817052155,0.7835245640098947,0.10375940653295945
A,0.662834550926428,0.8533595219593884,1.9835558926967352
A,0.5987753227153085,0.22593772855582428,2.2357088190717684
A,0.5102745628514168,0.30608587103502605,1.9330673730134762
A,0.6075804558193726,0.409300300353025,0.6819217940783151
A,0.5322838288487888,0.41452696072111894,2.331080160650102
A,0.6975119733417751,1.0289255163192719,1.7356025521948035
A,0.5852942618497861,0.9950487590429394,1.126198197404729
A,0.5174502803207488,1.5514256668881616,1.3519832276038208
A,0.5678614158347006,0.35261510338265545,0.5044345495622876
A,0.6412931454275624,1.4541009173796355,1.5789586151804569
A,0.5436275447196025,0.7084468949666493,1.313765153117819
A,0.5177779604433568,0.7519350858388187,1.3267314352433688
A,0.6243687211491912,1.2739628278070887,1.776503824879856
A,0.6244966571108722,0.37538397488515907,1.3119194703202068
A,0.549305682462887,1.0151633967863558,2.6452542175430067
A,0.5528961694381677,0.9125703582637796,2.3044414292556374
A,0.6232049937357637,1.18103312260772,0.19469914914642739
A,0.45519156585026754,0.8273716707293103,-1.3623962114924306
A,0.4592536225623445,1.9165305037989637,3.218253313088113
A,0.5281555778747564,0.47336337468647666,-0.47099086142913926
A,0.5786552848288152,0.6024844497423141,0.8406432757126826
A,0.6310907565598004,0.6350658716273183,-0.030174549184200705
A,0.7475356216949551,0.8435648729623053,-0.3603870672617502
A,0.6857659623202019,0.7099553798270439,1.8000308778879934
A,0.5840061470036573,1.4705174860592618,2.6968775639648346
A,0.5980983792097311,1.607399692809524,1.5093679954505894
A,0.4997470635362191,0.46424744842959054,-1.7269971928863441
A,0.598148686400761,0.4810452430490272,0.4133197439171533
A,0.5711341361079861,1.0924089823551812,1.9411202966441166
A,0.632271856033809,0.6722962619102278,-0.3007978220368537
A,0.5172769056447677,1.092381267344907,1.6895627116398766
A,0.6519346514241172,1.0793634875618257,1.585601359528124
A,0.7532738913002578,0.3720387794517708,1.5539493920930654
A,0.5891239851543142,1.6574385783965022,2.248318134934107
A,0.6401711722098942,1.858195594862602,1.397263591748962
A,0.6690143991711113,0.6971272535144739,2.428910274515854
A,0.5598779528114164,0.6459661492491325,0.9353389384712956
A,0.6224092481810417,1.0765465676340151,1.5471694266689167
A,0.6012592400781794,1.0691172551107817,0.6168566881001292
A,0.6097676098548831,1.2439235511187399,1.288455387811136
A,0.5226990216144534,1.7891508018048548,1.3225073050695166
A,0.6024510174258942,0.8152029123918166,1.1242176664091093
A,0.6497998291245449,0.5755511214175906,2.80709946485957
A,0.7451143607795041,0.42801192716199254,-0.3477977271457604
A,0.6959270826085207,0.6784256039418215,-0.3783941278481031
A,0.8153182457511556,1.2064138821898347,3.329838806284368
A,0.523265243711195,1.6821767973256863,1.891465315142776
A,0.6872320636720678,0.7720424459900159,0.6527553582677538
A,0.6183342005738351,1.039395276680202,2.5739673245353467
A,0.8189802933217672,1.220258991946275,1.2698276868668248
A,0.5191701714644849,1.3729518939207694,3.6142977446392934
A,0.5160278157819224,2.0375079366096944,3.1282560605745013
A,0.5400607354555977,0.5446567167232363,0.4887938969420119
A,0.3876104275690193,0.3366959200944179,2.804092475415137
A,0.5474244978319238,1.3432171852824217,1.1754418605446224
A,0.5240867338446302,1.127075845580101,2.2884406046651122
A,0.6150393786476207,1.8459127308394478,2.6372368141640363
A,0.6341755975777159,1.2432274890295558,3.0523092564905268
A,0.7876170839215886,1.001779580488853,3.1933844443529766
A,0.6950423838186051,1.3378909910740622,1.9259290471947128
A,0.5423096344337597,1.3678162419420934,1.0482460791429178
A,0.5101585328651642,1.1754788898964283,2.043577859127676
A,0.6491919171506506,1.2274248912796248,1.0690630552480391
A,0.46797667929793574,1.2353023637414804,3.623070954706452
A,0.7831458765854353,1.7593666101009893,2.522418642452075
A,0.7179440120721287,1.7679955136269565,1.9770291719725508
A,0.5530824347895295,1.1539785959791153,1.7811248496756473
A,0.42868654709091225,0.5594707804779412,-0.4447062713790255
A,0.7353872374165413,1.1764376993414734,0.7931334507640548
A,0.5885460154747382,1.4860735064662856,3.1573242267905015
A,0.7237816311973462,0.6772046113024013,0.5993356372888824
A,0.44055723412056325,0.8451725056172954,0.1507073102318064
A,0.5400624977046227,0.6134243403932537,1.582127091084238
A,0.6005243699718182,0.9151589664251362,2.581282617065588
A,0.6046980593764741,1.5462730203683606,2.7489847785346067
A,0.5549934528520756,0.9280397132880651,2.368082161375542
A,0.6622849932347499,1.0166457639301991,0.7896786699485383
A,0.49323795706174056,0.05992886510265116,-0.9672914359898002
A,0.5857620514978706,1.2517698602604161,3.2217131534141994
A,0.6120295631711898,1.2407864353273226,1.4077302470221387
A,0.6514438834058749,2.0587931867615423,2.329115277031195
A,0.671161487808889,0.852853114236833,2.717976446333002
A,0.48753579081621307,0.8408788500562892,1.7871374921099195
A,0.44658858292643777,0.7945747162450343,1.607733354667792
A,0.7277676821898509,1.8803781631665135,4.627594653819479
A,0.6332314011979592,0.9021993356034628,0.7652662261816872
A,0.5251513463443446,0.9272377824016865,2.275198987558399
A,0.7551151975522523,1.436621051186648,2.0977263341255346
A,0.6115674634292858,1.0106557567221077,1.7685020063287933
A,0.7179297184063826,0.8536777703343098,2.9564899714719477
A,0.6067518481410109,1.0071727686606702,2.0004100034631027
A,0.8060747924881987,1.7459280636621841,2.929083976702376
A,0.7755340842443205,0.6500434766609506,2.3429780813662093
A,0.5751035851520926,0.9291402148015769,1.0242703533803657
A,0.6971570950954356,0.6956752351735669,0.414191243910909
A,0.6645375949585147,1.5943297069001934,1.0811505888459714
A,0.7368631557532348,0.34370128123796484,-1.0331647835354492
A,0.5035076539419895,0.4758005572771901,2.9348138103711037
A,0.6686051459998439,1.1915136565320263,0.6231894076102185
A,0.7058424486849588,1.8415256876446082,2.1849460230068036
A,0.42412605135768855,0.6033139465000389,0.6658014876972691
A,0.48167414873342246,0.4449114597535345,1.1376574765493732
A,0.3960767822239899,1.53469370805628,2.6672923463747686
A,0.5730593165555442,0.1355820246251943,1.454502966229375
A,0.6717542255795962,-0.09177163994064674,-0.13744569804590823
A,0.7502357052096028,1.3453607828410705,1.7784276332223414
A,0.6074094780419775,0.6600871048866607,1.4285946378085423
A,0.7628615545571291,0.6336759232703371,0.9952740407324933
A,0.4619898541785108,1.0471630049174427,3.0241004642802443
A,0.42966175606448453,0.7663929909823262,1.601097347472165
A,0.5944452301103381,0.6096285297971429,1.8200624999352308
A,0.6384065448939307,0.3174576180054488,1.4910641225880061
A,0.5967305251905907,1.3313244519259584,2.982182729563756
A,0.3932557899960123,0.9149842739733489,1.4106104646738657
A,0.5910879960487211,0.8370440621833901,0.013082511066520475
A,0.46955304994951463,1.6276480729481049,2.4029784646603582
A,0.6669672548830038,0.46540849916142946,0.3476254092760035
A,0.6366598246096848,0.19222715145215785,0.17293832939014886
A,0.5060120213672644,0.41306399711027436,1.404237632959179
A,0.5486133082663306,0.800126954221747,2.477300672268447
A,0.49407864781110483,0.8627876963780032,1.2793221913629487
A,0.5937320902726828,0.7699801064808592,1.5537987912979692
A,0.6955142320501237,1.219299046332334,3.477925376607671
A,0.5014273953664456,0.12637138095444644,0.7682664767361713
A,0.6504046515517844,1.6974892793643064,4.819496114786128
A,0.5469742381627559,0.7793857680478495,1.7824748042095986
A,0.5207127167737655,1.3397169909547122,-0.00447559478209314
A,0.5892969640045442,1.0553081191956684,2.280087311503836
A,0.49647576775806257,0.9730902612139858,1.7514292603032136
A,0.5446350694652817,1.1018362443140246,2.8272970539689957
A,0.48021221074111514,0.9441725961203302,2.001523715983181
A,0.7964725132916389,1.5160701498712303,2.0147921765207677
A,0.6035263551971728,1.5698657978619748,0.8283886457303471
A,0.5300274492007414,0.8933017586518471,1.1083004607264149
A,0.6213979910734222,1.2865988654043894,0.933196804053827
A,0.588767195030917,0.8382829454027622,0.7287732516227732
A,0.5779030400466777,1.586913167794753,2.6378140042527045
A,0.6614166700043425,0.6539288539768788,2.852966694331759
A,0.6757507710047305,1.9140963729625033,2.849368519589269
A,0.5469498852389473,0.8003458525362492,0.04202269869222275
A,0.542418175935532,0.09823971284427391,0.9767769218128403
A,0.5724948302848356,0.922794452882648,2.5774218037561676
A,0.36980788352644145,0.2141859965522217,-0.0997506009460073
A,0.4484808937801448,1.0930431151645792,1.3178106635157774
A,0.7366874267444524,0.7787191504654831,1.3827572865902422
A,0.7644967713501284,0.9236534404178027,0.7503525444156656
A,0.5750963960443621,-0.08212577140622224,1.0262317792731266
A,0.6576556963055766,0.7603303848338265,1.1655067932705063
A,0.6311250154543536,-0.26525214013294796,0.6591803161375627
A,0.9078880808455237,0.5698807095254239,0.40869899639974294
A,0.7119574911434576,1.4481435647873353,1.5802512573786909
A,0.5872082408519234,1.2737124406033011,2.465860391112611
A,0.5044459559399574,0.9693977148024185,1.0001213274626177
A,0.4393553679742427,0.1755449803967576,2.253993126009557
A,0.6203463635867222,0.9066638673090934,1.0033047725638689
A,0.5243649254715697,0.7847461186620702,1.428922784791212
A,0.4577746290402326,0.10747959896407755,1.4062901340693537
A,0.5353427115757473,1.5547132182471963,0.5646216545747624
A,0.4918451996385605,1.1764489447456765,-0.19088370752425088
A,0.7687141635072565,1.0425891583460527,0.13190417458176307
A,0.688163975694945,1.0456888830396829,2.858804167022821
A,0.5992027358683383,1.0029955077762835,0.9304995505785074
A,0.7479944138890026,0.10112418662135858,3.2577190034008128
A,0.6077368307647618,0.7880165548868442,0.7099584208412651
A,0.5138715798671736,0.4298152458018611,1.025463812892637
A,0.7523124077269657,0.6276586066429908,2.7716184853924393
A,0.6538910043684658,0.8402863601097212,3.3694920517636167
A,0.4962753845673543,1.643256340275793,4.101780224566074
A,0.5809661321916392,1.1918706289209637,2.8650097652674176
A,0.5124381746615243,0.48306776710088806,1.9170808326415698
A,0.4617200269035664,0.9788714310334289,1.940774401757465
B,0.37783610761666375,0.2291650239378048,0.9874643952817643
B,0.24488142836714666,0.2950628071929611,1.311621206823059
B,0.21818011165776927,-0.06893979301332676,-0.19123419036377068
B,0.29966255425890476,0.295513066568837,-0.224750157816208
B,0.2829815377475071,-0.5223350268556322,-1.1199328097876085
B,0.2546771950672725,0.488662646287378,-0.37733745078144815
B,0.36963874474567154,0.5550608547996194,3.5223358485050724
B,0.3955305208570511,0.18475146575148127,1.6534797302981683
B,0.30884068862918473,0.7928838671599796,-0.7075598817246838
B,0.4477530081055262,1.1404145809715684,-0.394048259773365
B,0.18583108858664948,-0.5250332993045128,0.3680142829355547
B,0.2806340540720282,0.03958869182493513,0.7915663865480571
B,0.22831776793971947,-0.042094522984069904,0.710490788177105
B,0.11334633829269397,-0.29993204311539134,-0.3142447444772383
B,0.29173193141573006,0.8523353180894693,0.5340989441744184
B,0.2878252491616716,0.3348248043561057,0.7255521256667475
B,0.4513449743242131,0.5447600408310143,0.7193490061682081
B,0.3630811684554778,-0.45730942952016007,-2.157490152743233
B,0.19758131756707947,0.6140809914552323,0.2353059192060859
B,0.48540925663341883,0.10848468752339202,-0.4088366851918825
B,0.4221033695525353,0.6631213694619671,0.8444547992815239
B,0.3582097703468616,0.6760031244993882,3.609828381130593
B,0.2773515901150168,1.0963566830918507,1.1375412791122432
B,0.204056076327652,-0.34832608506807805,-0.3244478676443153
B,0.2627793223928947,-1.1155870943210706,0.5742314127310326
B,0.4088748619704186,0.7052370653324753,1.1624063094517851
B,0.4884586305934609,1.6329435366456182,1.6273331632494192
B,0.4543243528272189,1.300959705710547,1.6207899283327198
B,0.25111505782137256,0.48150229436937175,2.4981867582713253
B,0.18803825667109886,0.036239292190624606,-0.9623381838937243
B,0.31408862469112037,0.8746942353553357,1.1622500942420186
B,0.12315606344371482,-0.3020390046866621,-0.9788757815698976
B,0.33231677141847815,0.7366540418058268,1.1896930843799443
B,0.28523974137013314,0.6805946916385132,-0.35019737257073125
B,0.25339634981317577,0.9101994784692036,0.24045000548005807
B,0.14052969327332043,1.5906245593655195,0.6126461200635098
B,0.35136001065697164,0.723247999574841,1.618528727657707
B,0.24672991603380884,0.1156130611969639,1.173644907367943
B,0.1830083164289712,0.26172531854745956,-0.9684480640294777
B,0.012773778671835045,-0.8653772844368066,-0.36753550828108655
B,0.29724850949493636,0.09851619869787542,-0.4225229478042858
B,0.47722515966697443,0.5111965204439096,-0.6211265227198002
B,0.466125921454787,0.4371446832148842,0.3744560283469012
B,0.2542903743413728,0.4576129975289202,0.12375600978173867
B,0.23977879396382193,-0.051541775245367405,2.5927686338938964
B,0.34687742560750234,1.0808314720734893,1.2508775018834426
B,0.20016145608117084,0.3003457165808548,-1.0673154775988731
B,0.33017918998194656,0.4906186244036126,-0.05532133998357869
B,0.37660802783846903,0.4009646835012447,1.523152059450796
B,0.42269332238843077,0.7116353255121357,2.7824150935367378
B,0.2899845923520047,0.8475260208618244,-0.9302326279254424
B,0.2796326249823034,-0.01411617038199503,-1.6632763703441997
B,0.21220174132434388,-0.010755632551112504,2.035348752155701
B,0.21731196459601398,0.17410493250568865,0.6505162153005594
B,0.27735211080984734,-0.25690729552183644,-0.7748646909894068
B,0.3367365506816178,0.09547589616167779,0.8517562747485684
B,0.39135846262332497,0.348927257162658,-2.148197340336889
B,0.2196821049319655,0.766717747754312,0.5624800644198894
B,0.4492688568959522,0.8051839498448907,1.0898282332822924
B,0.2728876398957431,0.5061264155273868,1.3956434592181177
B,0.2978632705651564,0.8722438869317206,-0.3394833923745523
B,0.22527883208521765,0.2692323539281281,0.4005264040355972
B,0.05757597397270581,0.2815963859235035,-0.7385656539196709
B,0.388404539636105,0.5309959329879094,0.8316053538771557
B,0.37368438970924334,0.6932077592636792,-0.2497949309637898
B,0.27186724428817866,0.11642153762647695,-0.13239627491643918
B,0.30669907172248717,-0.7593599715544838,-1.130136123189481
B,0.35159392177040993,0.46025130156246274,1.1625370300212163
B,0.14374541431134572,0.9269921895169886,1.436943542864236
B,0.24709473226537051,0.833749799518852,0.37993011561430867
B,0.3794264679621827,1.0518384442388593,0.8676983914492041
B,0.17457105768307504,0.8799219474277216,-0.8689735947732233
B,0.3293557932166629,0.5383624853057132,0.2329892292193999
B,0.16434181953765947,0.345170583009287,0.2538541300930263
B,0.34664299824335265,0.21113854964785395,3.003676764448584
B,0.2964358517702516,0.2866173496418525,-0.7315096695370361
B,0.13848681840944904,0.5156158024997444,1.8327745947298688
B,0.41647393544571715,1.226653121752984,1.9433644826988736
B,0.22654084232019506,0.2700881256397928,0.5969131411661888
B,0.2189747562985619,0.10336750202213704,1.9854840402450513
B,0.32005691972309425,0.48034935901294,0.8683256878918083
B,0.41486373494287154,0.9228989768788648,1.1824996720616585
B,0.1984178181021603,-0.42430068091353046,-0.10653673899258231
B,0.30616798498479714,-0.6888384990914234,1.1240840208607534
B,0.34288165003305726,0.23905405030379406,1.4903015789892264
B,0.3693105607263144,-0.05639037186760765,-0.35842402484896474
B,0.3176441555277225,0.22239613446792833,-0.9539338029426252
B,0.2632972160916678,0.3210556647287659,0.1681849678420601
B,0.21724097793512803,0.09923726239118533,-0.5766271508539513
B,0.30861438830463744,1.1891553496923288,0.7779446108745193
B,0.1927860988014393,0.452551530503319,1.6179427789769503
B,0.007864951650539243,0.16203460728122304,-0.3699923901257471
B,0.3436559804157668,0.8265875426453511,0.645395174343714
B,0.3903934841086195,0.016173667272544767,0.37842435573156324
B,0.06370675644581614,0.6151160283788586,1.2069543015513668
B,0.19902692952900625,0.26065825102577944,-1.9573386648485105
B,0.36191542610051974,0.8781134477713859,0.121888770000812
B,0.5057495469711699,0.22269570393667715,0.7272311818247472
B,0.30207937076754077,-0.323760326856721,1.2798622896125333
B,0.22719970587708654,0.7497443878281442,0.06472951110953618
B,0.281710355889516,0.6107702968830323,-1.3457992728887451
B,0.4374876419148185,0.20520568569347247,1.0723044023447272
B,0.23540358208754647,-0.08172616750602746,-0.4879026069086059
B,0.22008079933497462,0.8928385912098467,-0.5671827240174583
B,0.25172564778179674,-0.21711747476096882,-0.5315236088682711
B,0.20466713917412876,1.1283371853891748,0.5433769463780409
B,0.31226703159947955,0.018090180075284956,-0.3458859492209866
B,0.46246784584695605,1.0128977315746255,-1.3291429146341915
B,0.3323079273116029,0.33415265309291203,1.3299888652828704
B,0.27476464978737125,0.7137406902222284,1.8515571062197334
B,0.2708188731084456,0.13417130860557214,0.9352627441290483
B,0.14368091913033426,0.1341249256593543,-0.955678472290872
B,0.3883109777147159,0.6029260542699344,0.41062027535922196
B,0.29221628029871977,-0.06276930744265674,0.1958670552881894
B,0.28195200864093745,0.793340185671469,1.2210260893103948
B,0.6193107567844861,0.6723593519409365,1.499968770116138
B,0.32987529083656864,0.3805129785848437,-0.280017076816819
B,0.22482089499048155,-0.15994334481853378,0.18188059999667877
B,0.25736424037944566,-0.8951204688284867,0.2156115625045543
B,0.41484457091967547,0.5267529750794286,2.051074466422221
B,0.31132704105377645,1.6732982723871226,1.7902173088613056
B,0.1561722021682633,0.6265604472014068,1.227274672710833
B,0.39192289345752035,0.5782541503190832,0.6864920178549188
B,0.23318559144610057,0.21833297256501705,1.7061741046428929
B,0.48732977762175456,0.7422276128386551,1.1707404244762287
B,0.4080048065714649,0.8855667674448023,-0.0919006811939973
B,0.2552678104341249,-0.20750469200323507,1.503831872470873
B,0.42810163617351127,1.199313301594703,1.640041232275188
B,0.3067855510527403,0.8178689842997324,0.2113189118635762
B,0.38527736751222197,0.9370089141223003,0.29723338367168434
B,0.34847328172944747,0.7419477919990348,0.9463280665238372
B,0.21536433450091264,0.3328548305983639,0.8019036781674967
B,0.23564501676825378,0.6898981431357907,0.7307573506137048
B,0.40299608175811613,0.9004011895078632,1.0839061336033093
B,0.2665224667893459,0.22276334471350692,2.0245570203646106
B,0.2596351536758003,0.10265184406524996,1.330577197208151
B,0.2044877420650647,0.3576597607285904,0.5330556652813714
B,0.3423599065593461,1.2880499355866128,1.8592234738082667
B,0.5062524919243145,0.13982520005952137,-0.5576093099583272
B,0.1932467085745727,-0.44389257001436094,0.33057813179928663
B,0.3024219456672758,0.536013339119172,2.3192505758265165
B,0.4412220555415429,0.6872769342403234,0.47857021616102224
B,0.2920358608754285,0.5247246234983468,-0.3516429281695686
B,0.34523717962497336,0.6398323683917102,-0.05598296069722686
B,0.193760647185312,0.17903984346056545,-0.845104597863856
B,0.34283070972076485,1.2591777838821883,0.11909155159000262
B,0.2812855734995451,-0.37852362898894015,-0.334741454284863
B,0.3985729995679863,0.18361098696185646,-0.9949031260433248
B,0.4187386051564751,0.576480527660189,0.6388494819048776
B,0.5589563642018613,0.016840140725708386,1.3578623355109904
B,0.35796331732135755,0.4490177737660008,-0.39687663940683393
B,0.33257963165821663,1.3296045303513342,2.450149894144009
B,0.3194384301577336,0.4896008893845813,1.0111432773460722
B,0.26468337071893117,0.5123755089377385,1.4985150366680715
B,0.3338483843461691,-0.12930980606703646,-0.45541074940872
B,0.27045985898609703,0.09750908445940681,1.1196476564851967
B,0.3168460976269614,0.28767095627847367,-0.694621544154507
B,0.431759753560796,0.48878208196307693,1.480046344666684
B,0.19934574347203587,0.9398405127099382,0.801236190926129
B,0.41398785611290456,0.8998273145319191,1.3343551621410668
B,0.4317115067339865,0.09183828163246377,-0.7843062594214305
B,0.2881931473008921,0.5555421101673407,-0.3867442693522206
B,0.08781451009914051,0.3808326393971033,0.8578961460312489
B,0.23921780129055675,0.9289012211964683,-0.29252315259352113
B,0.4296994546561109,1.4348195252683533,1.5243756184581885
B,0.2977131937701118,-0.060977305258766656,-1.1594559040735397
B,0.2000697767705089,-0.10532409044940572,0.9555679888583725
B,0.24952250787717825,-0.25450516764154074,-1.1601578922875369
B,0.3840620026504553,0.4590830744221923,1.0890910770109836
B,0.3546733568201379,0.7651892224533741,1.2919642303287981
B,0.2761067900830306,0.9078274434190968,-0.021972664653602036
B,0.26331755881853125,0.3570008264065355,0.9711810273428196
B,0.2608241850956178,0.2313125160160047,0.5847578694180525
B,0.2077589815501497,0.3875174684495948,-0.1788759367278211
B,0.4615375689469442,0.27473490260540484,-0.5019571776159503
B,0.26776795307886603,1.4464212904656857,-1.0252006839766434
B,0.42171585208254964,-0.17125673543520492,0.601394361248131
B,0.45213160519224516,0.7705676972362299,-0.817813638590144
B,0.39983108981479604,1.6115497443370137,1.2209839434616518
B,0.25683796872819514,0.38865687537229154,0.13635059658645277
B,0.34037300903366097,0.41553999604974423,1.1592111806899963
B,0.2975804393609084,0.26764794763614896,0.06984282581693702
B,0.20962981392698715,0.22424888000927679,-0.049619495200863284
B,0.3324359281721603,1.1850781295965054,1.5903585116242764
B,0.18209602088401972,-0.8327869243387238,0.06434138362197139
B,0.4187679388461564,1.3948687589173974,1.3486046877184021
B,0.2535382702701607,-0.33167117081983155,0.506262620614739
B,0.32011596558728395,0.3468477837637185,-1.1060554588554194
B,0.3283287871546142,0.2778709705825904,1.1583871950019686
B,0.27410950262959227,0.7054408888297483,1.1844768405321502
B,0.3586693801475275,-0.26105810572058263,-0.8602766773187666
B,0.25250963433774753,0.6098507845475927,0.2628526260697931
B,0.3871297297457244,1.5928494062620129,1.0668211992999548
B,0.16540203197532513,-0.4334839543334175,-0.21891713598818135
B,0.31263795795464117,0.5638100207371596,0.8658753433008274
B,0.49389289990582846,0.40984826096043814,2.0314052322360654
B,0.1999668675394425,0.5128939044056817,1.4981871739072234
B,0.23222550294751482,0.3579121431291482,-0.9474827195088202
B,0.3513907849658915,0.20634272292668243,1.006353979742103
B,0.3179581781939598,0.7208734097264766,1.9437365669538158
B,0.33506300992735594,1.4047685697844055,1.3572432135232901
B,0.34891871301476635,0.42792617365850016,1.5840784824270302
B,0.363472146856177,0.9050871913583565,2.755591758864885
B,0.4109699841956223,-0.03018150264214836,1.337394782142405
B,0.34098186569285127,0.03325461013027248,0.5387213932611461
B,0.27587423453814575,0.6500144907474072,1.5907951070889736
B,0.36725737012027315,1.2929440694483922,1.0851657639173058
B,0.48998819348952155,0.9127889646271123,0.872288080390129
B,0.28673662536174266,0.2735759227810368,0.01476302596618001
B,0.20254706953293583,0.30346630701108074,1.8771841679639971
B,0.41070806692869727,-0.009141766591812872,-0.49443309569495
B,0.28796188360464015,0.7342004885846436,2.12983747585415
B,0.08273304539859636,0.5652660992595991,0.848683609689048
B,0.38474216771504216,0.35106808515602306,-0.9159783980518963
B,0.24646718140460772,0.1346796982271608,0.6321628872286882
B,0.2909466717695839,0.5693591224804001,-1.582589608995757
B,0.33319803305690143,0.2814371815650544,1.032785034059084
B,0.31904996797790663,0.44550864465394874,1.3632257796982907
B,0.37094518171390395,1.6062786671541136,0.5075395232961263
B,0.2564513629430156,0.26116419404152513,0.4592908833307574
B,0.35131057981760827,0.34779579371580127,2.4091037944622737
B,0.27404533224160826,0.08729709554483278,-0.24286189069623365
B,0.3738810480887503,0.9329175578830938,-0.2933439696440534
B,0.36153674840130534,0.45169303599290644,1.9967393191800964
B,0.20645612979554046,-0.01500232446740235,2.120250932133526
B,0.4085982116175032,1.273549333562761,0.9673489079232305
B,0.2464036554885952,1.0794069854897113,1.7482894525440882
B,0.3808057798281145,0.2709968868728191,1.7816189828297821
B,0.33672873134013404,-0.4281768786701071,-0.6871896868013303
B,0.48381836767951225,1.2294843964377296,0.5164910569946064
B,0.2776534017628148,0.07416518976422021,1.490079829447097
B,0.26506832038818023,0.7929152801636546,2.2935265751008806
B,0.2980580394112267,-0.5379648497390777,0.5323448668337973
B,0.26968202171657246,0.8508217017245132,-0.23865788526653964
B,0.379994190194205,-0.035594679349083114,2.2732591241802638
B,0.1383689391563412,0.5729354682677741,-0.1338080123530045
B,0.1946317580853646,0.29908417104626395,-0.029890289180028118
B,0.19321970784208067,-0.1871401479352014,0.4033435267956853
B,0.3950307591973576,0.3890279823326461,2.0646990192389834
B,0.47106133725819255,1.0497512343656392,1.7557006635415973
B,0.28955507814625286,0.48727984377699646,0.890149484767411
B,0.2831178276809989,0.7168832317577405,1.0482244081417758
B,0.3070052163113181,1.44872811672472,1.0134829000548804
B,0.41618783026081907,-0.15783906046429708,0.8121702484950131
B,0.20726468658094258,1.1195033173557258,-1.803996669751686
B,0.3238368982734785,0.5379333161718243,0.23142871763489659
B,0.397519762978243,0.14688762030580038,0.6327815554522755
B,0.3501094169939845,-0.1399926873785181,-0.9409228937135785
B,0.31895816165987434,0.3838770471012948,0.8334283706901069
B,0.4001046092567141,1.0609819698473006,0.6461034513429
B,0.029676770700076238,-0.01925940413865275,1.7695874128062246
B,0.3677875319530908,1.30725876305331,2.5208791323039836
B,0.2345924316872576,-0.37369919749489305,-0.4649812225158033
B,0.11693671031435429,0.16936059154850416,0.02739195245904022
B,0.35112025995249807,-0.09951633227781242,0.15719047621469967
B,0.4373658545162957,0.8378647230869275,0.3171655689968777
B,0.2862551485372308,0.8728264178544963,0.8604423117851595
B,0.39528745472029386,0.3825502852399142,-0.250776962491398
B,0.46122782579886457,-0.6102651896152702,-1.0667656691060698
B,0.4314914453584047,0.7467112414358543,1.3412600009049196
B,0.4639964529371393,0.9143639552724638,1.4579087242077542
B,0.3742127491071892,0.7634665011416326,-0.12321230980342468
B,0.3075433638901593,1.0792061417463161,1.6809931927478852
B,0.13980341881028313,-0.32582171160909973,-0.6826458499216548
B,0.27539375118700515,0.7531986795057324,0.8500795787404515
B,0.21567534046838083,0.9197667669415587,1.45276766845794
B,0.5170942717497814,-0.11365238437858638,0.323236660506819
B,0.28241141875676634,0.5834430410946381,0.9723915676938666
B,0.31232048067844853,0.21639080551383705,-0.15837785658789438
B,0.35514853760404674,0.49196146985524714,0.3336329815827638
B,0.30436024463724537,0.6303786087250363,0.35281806919197406
B,0.4695051040430753,0.46064337400783684,-0.14065257630186023
B,0.2377350638265548,0.01874855615902632,0.02278816602497491
B,0.3194607455237243,0.4962673270295987,-1.0449160389299679
B,0.22575294143019514,-0.20499355728610857,-0.41304817264100285
B,0.1679977488779294,-0.29091594112569863,-0.2959352648301766
B,0.23882309090947146,0.6979212778424588,0.28383935915342645
B,0.2962963202951588,-0.12995253713658983,-0.0694366582029467
B,0.257069777548274,0.7187609167770169,0.5032720805669987
B,0.23075790201261437,0.5774324994458971,0.952764089419104
B,0.1593682536328166,-0.6238509839460735,0.690086185065739
B,0.2916894427371305,0.09875183793786818,-0.3670377536896286
B,0.14952796259689977,0.8213466454190359,-0.6729051626021066
B,0.37600559636896025,0.07342562898359961,-0.704527120656135
B,0.3082439752934503,0.2301638317854817,-0.12552582506742604
B,0.15424485005350694,0.46239772170620863,0.002673423079400772
B,0.26907909229501364,0.7953138930838182,-0.15707584581953726
B,0.22478435944094166,0.21140709613916464,-1.0105856286275587
B,0.33191745104191805,0.1991210792170563,-0.0910263270321256
B,0.4340450446023144,1.3622524977527255,1.2097889046721857
B,0.11248275303542551,1.0381739614519276,1.204102648989869
B,0.3115026079147417,0.9566829372630103,0.1701205018549774
B,0.28398672044333595,0.46863915194751593,0.048511130184992646
B,0.36713400764504656,0.1465681506471067,-0.5597070274077202
B,0.3213196628237689,0.06675729095737071,0.2589952053629241
B,0.22480306682611806,0.5984616528720559,-0.3693553542938922
B,0.26809460643333816,0.6113410200943491,1.0932740084350452
B,0.2203974143196511,1.0313954179526914,-1.0938508515020446
B,0.40760071385985985,0.9366261170578594,0.4347639571643552
B,0.3021311648671942,-0.2983434035791177,0.3936405692959386
B,0.49011906857530074,1.2611524117244104,1.2065059770449502
B,0.2939339186185379,-0.0581294357293996,2.899116081010627
B,0.22915932330895372,0.1517533489872548,0.609004157708698
B,0.14862856073871727,0.3480429442339231,-0.7111302761340749
B,0.11968603237440548,1.1773627934535904,0.5889659755372465
B,0.141586405699451,1.767338886551857,-0.7793077656309625
B,0.3267126651011483,0.7934305272198139,0.5774856463940649
B,0.3508725023229934,0.4347104441242962,-0.33500283308021583
B,0.14188092979678663,0.4800742189354551,1.2689321288653186
B,0.3895038314076115,1.0280834600483353,0.276104520554722
B,0.25169389483165605,0.21720702946888823,0.19319271480452233
B,0.3146793011985549,1.3696246297539934,0.3009979144314372
B,0.46122206282554246,0.8068684738340148,2.5112632390307725
B,0.3896839315865532,0.8333974419255269,0.40720310011409433
B,0.27314693520941674,0.7426825288413559,2.4224158560674134
B,0.21088077745847122,0.5271144714949347,1.2464136198325109
B,0.08481845986706948,0.5466979400354104,0.8232704652467469
B,0.22808466807575797,0.033500408840175355,0.5679510861982138
B,0.27888697611723057,0.13917958720283058,0.6864966727114513
B,0.20128204728488158,-0.24815404555852505,-1.8907239642969673
B,0.2868743032907695,0.6500620702462675,0.27564708360499285
B,0.3076851882958768,0.8509960341998722,1.5168041389209592
B,0.2775144018191921,0.6451580358047311,0.49569335588361374
B,0.234999741917654,1.1897458295502497,-0.622317138494327
B,0.31686546719667275,0.4725001913804858,0.43733801887011164
B,0.3441940649569409,0.8506619252316676,2.4047917308368776
B,0.19096009225571536,-0.2594102996860841,1.2699546394962498
B,0.44109323797462696,0.4680900057247399,0.5249155838760398
B,0.2901411867715738,0.7829806589402495,1.5750525559454704
B,0.30188496229448475,0.8773784988132991,0.3136901988741856
B,0.3708214423256557,0.4092486896563925,-1.202590088137998
B,0.32332161312635016,0.44918279376049186,-0.4412173007482283
B,0.3953136633913245,-0.16596637825341798,1.7961565100945485
B,0.3287124165201824,0.3145540243769689,0.14625386357532616
B,0.2387562625359562,0.8033259755638273,0.3492840184356605
B,0.33615035252061015,0.7918280368341983,0.3649961041587067
B,0.18562737926793382,0.5287739295925056,2.3170254577836067
B,0.3108559705776523,0.49117079945695846,2.1202290915526643
B,0.29667700093555394,0.4485470807174191,2.6803953745552866
B,0.27918831427274604,0.08862190167239553,0.10861639185434332
B,0.2871462488561069,0.7801335833854277,0.9154082795246945
B,0.11181509545023607,0.37820911537004903,-1.2380859153755779
B,0.24512750922590384,0.6137006878352553,1.979886777416625
B,0.30928449011411147,0.20090931383737703,-0.8198973022579573
B,0.31598563919974004,-0.6026930011360121,0.16821757455441508
B,0.19723248590740416,0.8444250847379541,-0.5173039965379437
B,0.4265707840864701,0.4004374481255031,-0.04739147540676836
B,0.2133825151785499,-0.11131410925373547,-0.7222134735337281
B,0.3969457200526737,0.9421580360360075,0.18076033338432484
B,0.3427194361871685,0.318072834321188,-0.10591073703864984
B,0.23537726901561967,0.8830340955467404,0.0815500680607889
B,0.4775310892609512,1.0247996086797757,1.727758587528956
B,0.180636316824352,0.6127391368367667,-0.6539841711846551
B,0.39191541736100016,-0.09510472955876692,0.48652139612328354
B,0.40005823180429784,1.206059340399647,2.14103540794882
B,0.2329379790923355,0.4800322342554313,-0.08682986411181193
B,0.4392465300064329,0.47423122538654783,-0.1294060540491816
B,0.2749953485401047,0.48418725648128264,0.2315652818924743
B,0.3288693629279857,-0.3948135720571815,1.245413912674508
B,0.3260321838771221,0.6933746815560186,0.8016207188330646
B,0.2865691258529452,-0.08483206531161802,-0.34437502658105135
B,0.3810808273159782,-0.10471390194779995,0.7363843620669224
B,0.3793488720552213,-0.1921562850261136,-0.8948911947053031
B,0.1251468026761819,0.7440643915092354,1.1535091483385111
B,0.43043402428781524,0.3310193395853285,0.9184641969246841
B,0.13375080119643254,0.9674900567528983,0.2829371981947111
B,0.4032546204341657,0.3369811991250996,-0.3474915025373486
B,0.4126705136827583,-0.23467320827233595,-0.6738811154734186
B,0.19090335697848015,-0.27190718450660933,0.5515864296753896
B,0.25891857120454154,1.0062836668102817,1.939257192857836
B,0.18942953315140643,0.2061952107587759,-0.38266651512828165
B,0.27850789697112643,0.1436181972113892,0.75300211973408
B,0.26919657158142585,0.4838039702985326,-1.6297677761876619
B,0.377966053226934,0.8178404479241734,0.12667533588643431
B,0.4310308746119608,1.2052457198691715,0.9163886267532525
B,0.4395683810789956,1.3836021865649566,0.13377238116384105
B,0.24378319734216977,0.18579047311871177,-0.6485845803565042
B,0.2790778126255472,-0.24440712410269833,-0.5667208684197976
B,0.13165618077790495,-0.009248309394780607,0.3928935182513068
B,0.2194129933503811,0.45925974331701475,0.2178312479324376
B,0.39648516330974576,0.11284828185931323,-1.8646189617475188
B,0.46155828235482316,0.21376196608471326,-1.644572543708851
B,0.17656511281200776,0.4367416099929543,-0.24724228261109205
B,0.24075357408471057,0.3368041853418403,0.8186915379922407
B,0.2973594243041073,0.46243763416195416,-2.2783984862009716
B,0.32801611588196067,0.11277650647290627,-0.18092903020960893
B,0.21903964800783537,0.21335911490886939,-0.24433658065671815
B,0.34240610444640895,0.051492584535461294,1.6880089540333056
B,0.25261606529290836,0.8240233035017559,0.22908269227234102
B,0.2985547729121721,0.9654568267301344,1.1045612164357332
B,0.35462842480036993,-0.391151293918492,0.2293842329685132
B,0.3006422269810938,-0.013792089624564352,-1.8969487430346077
B,0.2563614109473431,-0.36372251112402487,0.7914350898275994
B,0.2890390196074169,0.10854656220767628,0.5009010022460596
B,0.29116370407946646,0.39502657122401924,0.9387128885501723
B,0.26299889701178725,-0.3303242643315842,3.9714746918799646
B,0.2741203937332898,-0.04974931596272192,-1.8896912824933176
B,0.4598647170504717,0.18781838953495833,2.186497618168965
B,0.35609194479412387,0.6377715818906577,0.31631182738027236
B,0.27045196819708395,0.44035012081375113,0.723865539367552
B,0.36969544045107355,0.1936743840079837,0.3470812990636086
B,0.266618051024399,0.48833751260629754,0.03322686372462447
B,0.41731246375866415,0.3526286533443635,-0.05966863055964566
B,0.3369642192198094,0.36961877366668744,0.7838894977822004
B,0.2892697855995771,1.270630723548634,-0.6504425064177004
B,0.34477169258102774,1.1873880647667154,1.6200905539699455
B,0.14291238479315005,-0.43542204127407375,-0.5195755176877708
B,0.18732325310901946,0.6958510886031164,-0.632285192251584
B,0.18060749936009446,0.6766095262859377,0.03277790463523078
B,0.31429430947637066,-0.10269018016175313,1.4572395743627928
B,0.4732514999485092,1.119266071800194,0.4028991488426813
B,0.5231300146192632,1.5536609811351711,1.5537881204726165
B,0.3638051101440757,-0.015564737906093473,-0.44769455655325946
B,0.35008444749444567,0.06637526073453665,1.0711770382864443
B,0.1198942265847261,0.6886720732988404,1.1257591567074052
B,0.24573262002659782,0.5043465854527207,2.2973682220440503
B,0.2212216248091761,0.6075705748335258,0.3051986417648883
B,0.23791524017488838,0.5271674684625809,1.1225707311291078
B,0.28318561814152104,0.6201263876763536,0.6346792278903381
B,0.25279094223028725,-0.2840496508101106,1.3560797102421889
B,0.10207001896242121,0.676763881754356,-0.2987944315616154
B,0.37479102561175337,1.1469815346315169,1.6183289006824422
B,0.19272569742601933,0.17439317410501515,0.04667984887664137
B,0.32392468641111494,0.4641485547097412,0.4270258493752648
B,0.5074082669749973,-0.004441350815365119,0.4954584226206882
B,0.20806154084135764,0.5692196892709539,0.7032994737352405
B,0.04697124772536698,0.3564855924451225,0.09959075128089667
B,0.2713995778119889,0.37600385821832794,0.6198347745292815
B,0.4100959634998571,1.177320625185037,2.4948551409545887
B,0.4958347454220594,0.5767135026431188,1.6704742332744253
B,0.17704504055475828,0.5478705237789375,1.2847258868301719
B,0.3496699223236522,0.014672714139420506,-0.1684672310952387
B,0.2534689543219947,0.36842735604587296,-0.502251986747792
B,0.2894051645695864,0.3469306179029617,1.3602899988449029
B,0.5644343347017035,0.9593054630730259,1.80724699182767
B,0.14970296716048465,0.03979098632404768,1.6123285426413936
B,0.32537396614945735,0.4223246513883521,-0.13251912735548754
B,0.3467693171765433,0.9331775614855681,0.5144555791236717
B,0.4085786324939347,0.3944858301217934,-1.1153783414693896
B,0.3097983153470895,-0.3385910773487054,-0.313927992457554
B,0.3308050539504102,1.3709995330283258,1.9467143202539383
B,0.26083514325782087,1.0819797542319747,0.28316261249404606
B,0.32691269412451074,-0.1557623063660432,0.8241287973174107
B,0.26568077245025895,0.7433750612979856,0.3937290426113886
B,0.36215718898560506,0.29174839820273607,0.7596569785114127
B,0.2630389663956366,0.5263020572589847,-0.6741091880696657
B,0.33771003939021865,0.6536771235920749,0.6822160429421135
B,0.29707371863150217,0.3284066777890922,-2.5892736571009753
B,0.4126050250772168,0.22702470482262693,0.25670021431110207
B,0.29486062764115134,0.09702041530359728,-1.3460745339504205
B,0.12269675317931183,-0.2740508279716535,1.1671265051044388
B,0.42619215007139916,0.22337712099187634,1.2300496333175688
B,0.2094267699137381,0.2805510098459295,0.7744879028200362
B,0.234623366135118,-0.005944945352698905,1.705732447391125
B,0.24043387059565077,0.701676838749786,-0.4057310049734236
B,0.4374438093170817,1.3997887916435863,2.7972126411910168
B,0.08643257860213044,-0.16037775278182584,0.9211487507511762
B,0.6137748533659995,1.0403645303166877,0.7746468606321975
B,0.4056056809066052,0.8582510765113747,1.8892302301639157
B,0.32232389141291595,0.7194869725790112,-0.4886909129917958
B,0.29451059993837136,0.47974353386560076,-0.34903391464417605
B,0.32855540748576567,0.8641743204085097,0.08634176295316709
B,0.35211224283793385,0.7692928405972295,0.13735850650494652
B,0.3645215585950057,-0.0720488732711404,-0.8009648325198184
B,0.35556044660034486,0.9679187020951538,1.9914907754231779
B,0.30895806812552484,0.9070825208216583,0.4418533145414174
B,0.28026615796926735,0.038756184864610244,0.5960959871645986
B,0.2848726716346488,0.4462779251757742,-0.11931426651807442
B,0.2805091719647319,0.7624282543526326,-1.2149818358004154
B,0.41337700968670643,0.5154086047403789,0.8584632685109768
B,0.3593556722280862,1.0755225322251352,-1.0870091715247403
B,0.005961136533571942,1.1908779521100383,0.5315738391964081
B,0.3655900776529761,0.1553921001619729,-0.9981469266294432
B,0.31947361947187747,-0.21131187236907123,2.1371989586237743
B,0.2981291243554102,0.5991029843355532,1.4494175138268264
B,0.2611481546911114,0.7525034845997389,0.690924057324239
B,0.41241127199860134,0.5031837210755176,1.8452275557913085
B,0.3947526462122858,1.3187593009789458,0.12886578999356568
B,0.22271223321763906,-0.3352345500351658,0.5540318902266214
B,0.3407052287124535,0.8575171545844859,0.9011331939809193
B,0.20283432654587139,0.0013210794393603842,0.4269480822900473
B,0.16203818352110694,1.1027462283853087,1.9533571611163079
B,0.23732827754100347,1.3522500928955643,1.5984797712603873
B,0.38623934723827585,0.1960307269657398,0.6957305040985139
B,0.3953125045376087,0.31819018885212297,-1.1795423381721477
B,0.3513085420097293,0.9567567565044949,-0.20062108341943286
B,0.3725095786847997,0.36519904313244234,0.3578982509183368
B,0.35161782871149583,0.5047211341011246,0.6270272042964102
B,0.23585184047770474,0.3664719709877622,-0.7582862667978789
B,0.34319225446739404,-0.4450481963977371,2.463706380953468
B,0.3800409525227682,0.5631425557370338,2.1019980951403046
B,0.37542913298135744,0.2182798124399492,1.011601532997544
B,0.4188913371474643,0.38177559452131044,0.5980377282623714
B,0.3708303847201064,1.2780615788145666,0.7234861272822167
B,0.3351448207541583,-0.1255362160083907,-0.7465707114231043
B,0.40701502383164273,1.0171251291214527,0.9116551021449031
B,0.297347874075094,0.30654034594673674,0.6489010123761942
B,0.2118125348772282,0.17783871806792512,-0.9833911885458793
B,0.2836933036056236,0.8207259034342911,0.9714940118465419
B,0.22550973551935508,0.5082902505634779,0.2792938648724743
